{
  "project_info": {
    "project_number": "680088604895",
    "firebase_url": "https://withpet-a03ff-default-rtdb.firebaseio.com",
    "project_id": "withpet-a03ff",
    "storage_bucket": "withpet-a03ff.appspot.com"
  },
  "client": [
    {
      "client_info": {
        "mobilesdk_app_id": "1:680088604895:android:98c727ffd633a9e728196a",
        "android_client_info": {
          "package_name": "com.example.withpet_login"
        }
      },
      "oauth_client": [],
      "api_key": [
        {
          "current_key": "AIzaSyDKfQS8NvqbvwPI_MS0NlDtz5SlC8ilOS4"
        }
      ],
      "services": {
        "appinvite_service": {
          "other_platform_oauth_client": []
        }
      }
    }
  ],
  "configuration_version": "1"
}